experiment,skip,J,K,gross_months,gross_mean_monthly_pct,gross_t_stat_naive,gross_t_stat_hac,gross_p_value_hac,gross_annualized_sharpe,gross_pct_positive_months,net_months,net_mean_monthly_pct,net_t_stat_naive,net_t_stat_hac,net_p_value_hac,net_annualized_sharpe,net_pct_positive_months
sp500_deciles,0,3,3,246,-0.2394,-0.738,-0.7196,0.4717,-0.163,50.4065,246,-0.3727,-1.149,-1.1204,0.2625,-0.2538,47.561
sp500_deciles,0,3,6,243,-0.1686,-0.645,-0.614,0.5392,-0.1433,52.6749,243,-0.2352,-0.9001,-0.8568,0.3915,-0.2,52.2634
sp500_deciles,0,3,9,240,-0.0597,-0.2538,-0.24,0.8104,-0.0568,52.9167,240,-0.1041,-0.4428,-0.4186,0.6755,-0.099,52.5
sp500_deciles,0,3,12,237,-0.0595,-0.2884,-0.2721,0.7855,-0.0649,54.0084,237,-0.0929,-0.4498,-0.4245,0.6712,-0.1012,52.3207
sp500_deciles,0,6,3,243,-0.2643,-0.7,-0.6599,0.5093,-0.1556,54.7325,243,-0.3976,-1.0532,-0.9928,0.3208,-0.234,54.321
sp500_deciles,0,6,6,240,-0.1141,-0.3366,-0.3202,0.7488,-0.0753,54.1667,240,-0.1808,-0.5333,-0.5074,0.6119,-0.1193,54.1667
sp500_deciles,0,6,9,237,-0.0865,-0.282,-0.2676,0.789,-0.0634,53.5865,237,-0.1309,-0.4269,-0.4052,0.6853,-0.0961,52.3207
sp500_deciles,0,6,12,234,-0.1178,-0.4176,-0.3941,0.6935,-0.0946,52.5641,234,-0.1511,-0.5358,-0.5056,0.6131,-0.1213,52.1368
sp500_deciles,0,9,3,240,-0.1887,-0.4513,-0.4238,0.6717,-0.1009,53.75,240,-0.322,-0.7702,-0.7232,0.4695,-0.1722,52.5
sp500_deciles,0,9,6,237,-0.1594,-0.4181,-0.3943,0.6933,-0.0941,52.7426,237,-0.2261,-0.593,-0.5592,0.576,-0.1334,52.3207
sp500_deciles,0,9,9,234,-0.1129,-0.3194,-0.3011,0.7633,-0.0723,53.4188,234,-0.1574,-0.4452,-0.4197,0.6747,-0.1008,52.9915
sp500_deciles,0,9,12,231,-0.1203,-0.3657,-0.3453,0.7299,-0.0834,52.8139,231,-0.1536,-0.467,-0.441,0.6592,-0.1064,52.381
sp500_deciles,0,12,3,237,-0.2543,-0.5931,-0.5585,0.5765,-0.1335,54.4304,237,-0.3877,-0.904,-0.8513,0.3946,-0.2034,53.5865
sp500_deciles,0,12,6,234,-0.2166,-0.541,-0.5109,0.6094,-0.1225,52.9915,234,-0.2833,-0.7075,-0.6681,0.504,-0.1602,52.5641
sp500_deciles,0,12,9,231,-0.1508,-0.3989,-0.3769,0.7063,-0.0909,52.381,231,-0.1952,-0.5165,-0.488,0.6256,-0.1177,51.9481
sp500_deciles,0,12,12,228,-0.1451,-0.4156,-0.3931,0.6942,-0.0953,53.9474,228,-0.1784,-0.511,-0.4835,0.6288,-0.1172,53.5088
sp500_deciles,1,3,3,245,-0.1408,-0.4603,-0.4407,0.6594,-0.1019,53.0612,245,-0.2742,-0.8961,-0.858,0.3909,-0.1983,50.2041
sp500_deciles,1,3,6,242,-0.1051,-0.4284,-0.4037,0.6864,-0.0954,55.7851,242,-0.1718,-0.7002,-0.6598,0.5094,-0.1559,54.5455
sp500_deciles,1,3,9,239,-0.0164,-0.0729,-0.0686,0.9453,-0.0163,52.7197,239,-0.0608,-0.2707,-0.2548,0.7989,-0.0606,52.3013
sp500_deciles,1,3,12,236,-0.0574,-0.2898,-0.2717,0.7858,-0.0653,54.2373,236,-0.0907,-0.458,-0.4294,0.6676,-0.1033,52.9661
sp500_deciles,1,6,3,242,-0.241,-0.6801,-0.6392,0.5227,-0.1515,54.9587,242,-0.3744,-1.0563,-0.9928,0.3208,-0.2352,53.719
sp500_deciles,1,6,6,239,-0.0832,-0.2536,-0.2407,0.8098,-0.0568,53.1381,239,-0.1499,-0.4568,-0.4336,0.6646,-0.1024,52.3013
sp500_deciles,1,6,9,236,-0.0751,-0.2532,-0.2396,0.8107,-0.0571,52.9661,236,-0.1196,-0.403,-0.3813,0.703,-0.0909,52.9661
sp500_deciles,1,6,12,233,-0.1121,-0.4039,-0.3796,0.7042,-0.0917,51.5021,233,-0.1455,-0.524,-0.4924,0.6224,-0.1189,51.5021
sp500_deciles,1,9,3,239,-0.1373,-0.3437,-0.3235,0.7463,-0.077,52.3013,239,-0.2706,-0.6776,-0.6378,0.5236,-0.1518,50.6276
sp500_deciles,1,9,6,236,-0.1017,-0.2787,-0.2637,0.792,-0.0628,52.1186,236,-0.1683,-0.4614,-0.4367,0.6623,-0.1041,51.6949
sp500_deciles,1,9,9,233,-0.0844,-0.2463,-0.2331,0.8157,-0.0559,53.2189,233,-0.1288,-0.376,-0.3558,0.722,-0.0853,52.7897
sp500_deciles,1,9,12,230,-0.1213,-0.3821,-0.3605,0.7185,-0.0873,53.4783,230,-0.1546,-0.4871,-0.4596,0.6458,-0.1113,53.4783
sp500_deciles,1,12,3,236,-0.2418,-0.5943,-0.5627,0.5737,-0.134,51.2712,236,-0.3751,-0.922,-0.873,0.3827,-0.2079,51.2712
sp500_deciles,1,12,6,233,-0.1821,-0.4679,-0.4425,0.6581,-0.1062,52.7897,233,-0.2488,-0.6392,-0.6045,0.5455,-0.1451,52.7897
sp500_deciles,1,12,9,230,-0.1494,-0.4116,-0.3899,0.6966,-0.094,51.7391,230,-0.1938,-0.534,-0.5059,0.6129,-0.122,51.3043
sp500_deciles,1,12,12,227,-0.1668,-0.496,-0.469,0.6391,-0.114,53.304,227,-0.2001,-0.5952,-0.5627,0.5736,-0.1368,53.304
sp500_quintiles,0,3,3,246,-0.181,-0.7407,-0.7416,0.4583,-0.1636,52.439,246,-0.3143,-1.2865,-1.288,0.1978,-0.2841,50.4065
sp500_quintiles,0,3,6,243,-0.1238,-0.6166,-0.6028,0.5466,-0.137,57.2016,243,-0.1905,-0.9486,-0.9273,0.3538,-0.2108,55.144
sp500_quintiles,0,3,9,240,-0.0455,-0.255,-0.2462,0.8055,-0.057,55.0,240,-0.0899,-0.504,-0.4867,0.6265,-0.1127,53.3333
sp500_quintiles,0,3,12,237,-0.0478,-0.3106,-0.2971,0.7664,-0.0699,50.211,237,-0.0811,-0.5274,-0.5044,0.614,-0.1187,49.3671
sp500_quintiles,0,6,3,243,-0.2212,-0.7762,-0.7525,0.4517,-0.1725,54.321,243,-0.3545,-1.2441,-1.2061,0.2278,-0.2765,51.8519
sp500_quintiles,0,6,6,240,-0.1227,-0.4764,-0.4587,0.6464,-0.1065,55.0,240,-0.1894,-0.7353,-0.708,0.479,-0.1644,53.75
sp500_quintiles,0,6,9,237,-0.1142,-0.4991,-0.4764,0.6338,-0.1123,50.6329,237,-0.1587,-0.6932,-0.6618,0.5081,-0.156,50.211
sp500_quintiles,0,6,12,234,-0.126,-0.601,-0.5689,0.5694,-0.1361,50.4274,234,-0.1593,-0.76,-0.7194,0.4719,-0.1721,50.4274
sp500_quintiles,0,9,3,240,-0.1389,-0.4492,-0.4277,0.6689,-0.1004,52.5,240,-0.2722,-0.8803,-0.8382,0.4019,-0.1968,50.0
sp500_quintiles,0,9,6,237,-0.1417,-0.4978,-0.473,0.6362,-0.112,52.3207,237,-0.2084,-0.732,-0.6955,0.4867,-0.1647,51.4768
sp500_quintiles,0,9,9,234,-0.1309,-0.4957,-0.4689,0.6391,-0.1123,51.2821,234,-0.1753,-0.6641,-0.6281,0.5299,-0.1504,51.2821
sp500_quintiles,0,9,12,231,-0.1235,-0.5014,-0.4733,0.636,-0.1143,52.8139,231,-0.1568,-0.6367,-0.6011,0.5478,-0.1451,51.5152
sp500_quintiles,0,12,3,237,-0.2644,-0.8442,-0.8097,0.4181,-0.19,53.5865,237,-0.3977,-1.27,-1.2181,0.2232,-0.2858,52.3207
sp500_quintiles,0,12,6,234,-0.2124,-0.7227,-0.6849,0.4934,-0.1637,51.7094,234,-0.279,-0.9496,-0.9,0.3681,-0.215,51.7094
sp500_quintiles,0,12,9,231,-0.1473,-0.5265,-0.4974,0.6189,-0.12,52.381,231,-0.1918,-0.6854,-0.6474,0.5173,-0.1562,51.9481
sp500_quintiles,0,12,12,228,-0.1385,-0.5281,-0.4993,0.6176,-0.1212,53.9474,228,-0.1718,-0.6552,-0.6195,0.5356,-0.1503,53.0702
sp500_quintiles,1,3,3,245,-0.1075,-0.4579,-0.4449,0.6564,-0.1013,53.4694,245,-0.2408,-1.0259,-0.9968,0.3189,-0.227,51.4286
sp500_quintiles,1,3,6,242,-0.0957,-0.5039,-0.487,0.6263,-0.1122,53.719,242,-0.1624,-0.8549,-0.8261,0.4087,-0.1904,52.4793
sp500_quintiles,1,3,9,239,-0.0313,-0.1828,-0.1746,0.8614,-0.041,52.3013,239,-0.0758,-0.4419,-0.4222,0.6729,-0.099,51.8828
sp500_quintiles,1,3,12,236,-0.0488,-0.3309,-0.3129,0.7543,-0.0746,51.2712,236,-0.0821,-0.557,-0.5267,0.5984,-0.1256,50.0
sp500_quintiles,1,6,3,242,-0.1913,-0.7032,-0.6723,0.5014,-0.1566,54.5455,242,-0.3247,-1.1931,-1.1408,0.2539,-0.2657,51.6529
sp500_quintiles,1,6,6,239,-0.122,-0.4914,-0.4694,0.6388,-0.1101,51.4644,239,-0.1886,-0.7601,-0.726,0.4678,-0.1703,50.2092
sp500_quintiles,1,6,9,236,-0.1056,-0.4739,-0.4504,0.6524,-0.1069,51.6949,236,-0.1501,-0.6733,-0.6399,0.5223,-0.1518,51.2712
sp500_quintiles,1,6,12,233,-0.1172,-0.568,-0.5353,0.5925,-0.1289,52.7897,233,-0.1505,-0.7295,-0.6875,0.4918,-0.1656,52.3605
sp500_quintiles,1,9,3,239,-0.1298,-0.435,-0.4141,0.6788,-0.0975,51.4644,239,-0.2631,-0.8819,-0.8396,0.4011,-0.1976,51.046
sp500_quintiles,1,9,6,236,-0.1279,-0.4666,-0.4441,0.657,-0.1052,51.2712,236,-0.1945,-0.7098,-0.6756,0.4993,-0.1601,51.2712
sp500_quintiles,1,9,9,233,-0.1176,-0.4547,-0.4299,0.6673,-0.1032,52.3605,233,-0.1621,-0.6265,-0.5924,0.5536,-0.1422,51.9313
sp500_quintiles,1,9,12,230,-0.1245,-0.5189,-0.4898,0.6243,-0.1185,54.3478,230,-0.1578,-0.6579,-0.6209,0.5347,-0.1503,53.0435
sp500_quintiles,1,12,3,236,-0.2628,-0.8761,-0.8405,0.4006,-0.1976,52.5424,236,-0.3961,-1.3207,-1.267,0.2052,-0.2978,49.5763
sp500_quintiles,1,12,6,233,-0.1882,-0.6568,-0.6219,0.534,-0.1491,51.073,233,-0.2549,-0.8895,-0.8421,0.3997,-0.2019,51.073
sp500_quintiles,1,12,9,230,-0.1403,-0.5145,-0.4865,0.6266,-0.1175,53.4783,230,-0.1848,-0.6774,-0.6406,0.5218,-0.1547,52.1739
sp500_quintiles,1,12,12,227,-0.1511,-0.5942,-0.5609,0.5749,-0.1366,53.7445,227,-0.1845,-0.7253,-0.6846,0.4936,-0.1668,53.304
crypto_quintiles,0,3,3,90,-0.148,-0.073,-0.0857,0.9317,-0.0267,60.0,90,-0.548,-0.2703,-0.3176,0.7508,-0.0987,57.7778
crypto_quintiles,0,3,6,87,0.8148,0.6049,0.6719,0.5016,0.2246,52.8736,87,0.6148,0.4564,0.507,0.6122,0.1695,51.7241
crypto_quintiles,0,3,9,84,1.5362,1.1445,1.1442,0.2526,0.4326,59.5238,84,1.4028,1.0452,1.0448,0.2961,0.395,58.3333
crypto_quintiles,0,3,12,81,1.04,0.9412,0.9627,0.3357,0.3623,61.7284,81,0.94,0.8507,0.8702,0.3842,0.3274,60.4938
crypto_quintiles,0,6,3,87,1.2876,0.6422,0.6742,0.5002,0.2385,52.8736,87,0.8876,0.4427,0.4647,0.6421,0.1644,51.7241
crypto_quintiles,0,6,6,84,2.0052,1.0384,1.0457,0.2957,0.3925,58.3333,84,1.8052,0.9348,0.9414,0.3465,0.3533,58.3333
crypto_quintiles,0,6,9,81,2.0111,1.1027,1.1,0.2713,0.4244,62.963,81,1.8778,1.0296,1.0271,0.3044,0.3963,62.963
crypto_quintiles,0,6,12,78,0.9481,0.6456,0.6509,0.5151,0.2532,62.8205,78,0.8481,0.5775,0.5822,0.5604,0.2265,61.5385
crypto_quintiles,0,9,3,84,3.9002,1.7039,1.729,0.0838,0.644,61.9048,84,3.5002,1.5292,1.5517,0.1207,0.578,58.3333
crypto_quintiles,0,9,6,81,2.9006,1.2967,1.2821,0.1998,0.4991,62.963,81,2.7006,1.2073,1.1937,0.2326,0.4647,60.4938
crypto_quintiles,0,9,9,78,1.8306,0.9641,0.9238,0.3556,0.3782,64.1026,78,1.6973,0.8939,0.8565,0.3917,0.3506,62.8205
crypto_quintiles,0,9,12,75,1.6341,0.8816,0.8622,0.3886,0.3526,58.6667,75,1.5341,0.8276,0.8095,0.4182,0.331,58.6667
crypto_quintiles,0,12,3,81,3.3897,1.3114,1.3016,0.1931,0.5048,62.963,81,2.9897,1.1566,1.148,0.251,0.4452,60.4938
crypto_quintiles,0,12,6,78,2.6491,1.1665,1.1215,0.2621,0.4575,58.9744,78,2.4491,1.0784,1.0369,0.2998,0.423,58.9744
crypto_quintiles,0,12,9,75,2.2818,1.0762,1.041,0.2979,0.4305,58.6667,75,2.1484,1.0133,0.9801,0.327,0.4053,58.6667
crypto_quintiles,0,12,12,72,1.161,0.5803,0.5906,0.5548,0.2369,59.7222,72,1.061,0.5303,0.5397,0.5894,0.2165,59.7222
crypto_quintiles,1,3,3,89,-0.9106,-0.5669,-0.6052,0.5451,-0.2082,56.1798,89,-1.3106,-0.8159,-0.871,0.3837,-0.2996,55.0562
crypto_quintiles,1,3,6,86,0.9912,0.7171,0.7365,0.4614,0.2679,54.6512,86,0.7912,0.5724,0.5879,0.5566,0.2138,53.4884
crypto_quintiles,1,3,9,83,1.2311,0.8858,0.8698,0.3844,0.3368,61.4458,83,1.0978,0.7898,0.7756,0.438,0.3003,59.0361
crypto_quintiles,1,3,12,80,0.9015,0.7862,0.8011,0.4231,0.3045,60.0,80,0.8015,0.699,0.7122,0.4763,0.2707,57.5
crypto_quintiles,1,6,3,86,1.4398,0.7209,0.7539,0.4509,0.2693,60.4651,86,1.0398,0.5206,0.5445,0.5861,0.1945,59.3023
crypto_quintiles,1,6,6,83,1.9283,0.9664,0.9662,0.3339,0.3675,60.241,83,1.7283,0.8662,0.866,0.3865,0.3293,57.8313
crypto_quintiles,1,6,9,80,1.8702,0.995,0.9782,0.328,0.3854,61.25,80,1.7369,0.924,0.9084,0.3636,0.3579,58.75
crypto_quintiles,1,6,12,77,1.0618,0.7364,0.7486,0.4541,0.2907,64.9351,77,0.9618,0.667,0.6781,0.4977,0.2633,63.6364
crypto_quintiles,1,9,3,83,2.8742,1.3328,1.31,0.1902,0.5068,60.241,83,2.4742,1.1473,1.1277,0.2594,0.4362,60.241
crypto_quintiles,1,9,6,80,3.0886,1.329,1.2888,0.1975,0.5147,61.25,80,2.8886,1.243,1.2053,0.2281,0.4814,60.0
crypto_quintiles,1,9,9,77,1.57,0.8402,0.8259,0.4088,0.3317,61.039,77,1.4367,0.7688,0.7558,0.4498,0.3035,61.039
crypto_quintiles,1,9,12,74,1.04,0.5638,0.5671,0.5707,0.227,59.4595,74,0.94,0.5096,0.5125,0.6083,0.2052,56.7568
crypto_quintiles,1,12,3,80,3.0784,1.2386,1.2339,0.2172,0.4797,63.75,80,2.6784,1.0776,1.0736,0.283,0.4174,60.0
crypto_quintiles,1,12,6,77,2.6834,1.2339,1.2095,0.2265,0.4871,55.8442,77,2.4834,1.142,1.1194,0.263,0.4508,55.8442
crypto_quintiles,1,12,9,74,1.6054,0.7636,0.7536,0.4511,0.3075,58.1081,74,1.4721,0.7002,0.691,0.4896,0.282,58.1081
crypto_quintiles,1,12,12,71,1.3651,0.7181,0.7388,0.46,0.2952,59.1549,71,1.2651,0.6655,0.6847,0.4935,0.2736,59.1549
